journal_name,article_title,article_handle,file_name,file_resource_id,policy_id
Acta Oecologica,b'Site-specific conditions influence plant naturalization: The case of alien Proteaceae in South Africa',123456789/5485,b'Moodley et al 2014 Acta Oecologica.pdf',9120.0,103398
Acta Oecologica,b'Site-specific conditions influence plant naturalization: The case of alien Proteaceae in South Africa',123456789/5485,b'Moodley et al 2014 Acta Oecologica.pdf',9120.0,103398
African Invertebrates,b'Studying earthworms (Annelida: Oligochaeta) in South Africa',123456789/5277,b'Nxele et al 2015 African Invertebrates.pdf',5528.0,86556
African Journal of Aquatic Science,b'Trophic ecology and persistence of invasive silver carp  Hypophthalmichthys molitrix in an oligotrophic South African impoundment',123456789/5181,b'Lubcker  et al. 2016.pdf',5331.0,83787
African Journal of Aquatic Science,b'Prospects for extirpating small populations of the wetland invader Melaleuca quinquenervia from South Africa: a case study from the Western Cape region',123456789/5248,b'van Wyk & Jacobs 2015 African Journal of Aquatic Science.pdf',5470.0,85819
African Journal of Herpetology,b'Analysis of genetic diversity in Rose\xe2\x80\x99s mountain toadlet (Capensibufo rosei) using novel microsatellite markers',123456789/5165,b'daSilva_etal_2016_AJH_Analysis of genetic diversity in Rose s mountain toadlet Capensibufo rosei using novel microsatellite marker (1).pdf',5303.0,83315
African Journal of Herpetology,b'Genetic diversity and differentiation of the Western Leopard Toad (Sclerophrys pantherina) based on mitochondrial and microsatellite markers',123456789/5440,b'daSilva_etal_2017.pdf',6056.0,93396
African Journal of Marine Science,"b'Monitoring the recovery of a previously exploited surf-zone fish community in the St Lucia Marine Reserve, South Africa, using a no-take sanctuary area as a benchmark'",123456789/5172,b'Mann et al 2016_Monitoring the recovery.pdf',5185.0,83554
African Journal of Marine Science,b'Collapse of South Africa\xe2\x80\x99s penguins in the early 21st century.',123456789/4636,"b""Collapse of South Africa's penguins in the early 21st century.pdf""",5284.0,83143
African Journal of Marine Science,"b""First survey of fishes in the Betty\xe2\x80\x99s Bay Marine Protected Area along South Africa's temperate south-west coast""",123456789/5269,b'Robertson etal. 2015.pdf',5512.0,86356
African Journal of Marine Science,b'Back to the future: reflections and directions of South African marine bioinvasion research',123456789/5573,b'Back to the future reflections and directions of South African marine bioinvasion research.pdf',9346.0,106036
African Journal of Marine Science,b'Lost in translation? Standardising the terminology used in marine invasion biology and updating South African alien species lists',123456789/5576,b'Lost in translation Standardising the terminology used in marine invasion biology and updating South African alien species lists (1).pdf',9352.0,106111
African Journal of Marine Science,"b'Plant traits and spread of the invasive salt marsh grass, Spartina alterniflora Loisel., in the Great Brak Estuary, South Africa'",123456789/5486,b'Adams et al 2012 African Journal of Marine Science.pdf',9121.0,103411
African Journal Wildlife of Wildlife Research,b'The relative abundance of invasive House Sparrows (Passer domesticus) in an urban environment in South Africa is determined by land use',123456789/5267,b'Magudu & Downs 2015 African Journal of Wildlife Research.pdf',5508.0,86302
"Agriculture, Ecosystems and Environment",b'Exotic plants growing in crop field margins provide little support to mango crop flower visitors',123456789/5532,b'Nel et al. AGEE 2017.pdf',9239.0,104581
"Agriculture, Ecosystems and Environment",b'Spatiotemporal changes in flying insect abundance and their functional diversity as a function of distance to natural habitats in a mass flowering crop',123456789/5342,b'Geslin_B_et_al_2016_Agriculture_Ecosystems_and_Environment.pdf',5698.0,90599
"Agriculture, Ecosystems and Environment",b'A major subtropical fruit pest accumulates in crop fields and spills over to a wild host',123456789/5413,b'Moxley et al. AGEE 2017.pdf',5981.0,92384
Aloe,b'Social and Ecological Characteristics of an Expanding Natural Resource Industry: Aloe Harvesting in South Africa',123456789/5465,b'2017- Melin et al. Aloe harvesting.pdf',9128.0,103102
American Journal of Botany,b'Anomalous capitulum structure and monoecy may confer flexibility in sex allocation and life history evolution in the Ifloga lineage of paper daisies (Compositae: Gnaphalieae).',123456789/4104,b'ANOMALOUS CAPITULUM STRUCTURE AND MONOECY MAY.pdf',5280.0,83139
Annals of Botany,"b'The role of beetle marks and flower colour on visitation by monkey beetles (Hoplinii) in the greater Cape Floral Region, South Africa.'",123456789/4208,"b'Kleunen_2007_The Role of Beetle Marks and Flower Colour on Visitation by Monkey Beetles (Hopliini) in the Greater Cape Floral Region, South Africa.pdf'",5173.0,82656
Annals of Botany,b'Specific leaf area and dry matter content estimate thickness in laminar leaves.',123456789/4573,b'Vile_2005_Specific leaf area and dry matter Content estimate thickness in laminar Leaves.pdf',5224.0,82961
AoB Plants,b'A global assessment of a large monocot family highlights the need for group-specific analyses of invasiveness',123456789/5275,b'Moodley et al 2016 AoB Plants.pdf',5524.0,86506
AoB Plants,b'The global distribution of bamboos: assessing correlates of introduction and invasion',123456789/5389,b'Canavan et al 2017 AoBPlants.pdf',5907.0,91826
AoB Plants,b'The global distribution of bamboos: assessing correlates of introduction and invasion',123456789/5389,b'Canavan et al 2017 AoBPlants.pdf',5907.0,91826
Ardea,b'Immature survival and age at first breeding of Damara Terns: conservation from a non-breeding perspective.',123456789/4631,b'Immature Survival and Age at First Breeding of Damara Terns.pdf',5288.0,83147
Biodiversity and Conservation,b'Application of the IUCN Red Listing system to setting species targets for conservation planning purposes.',123456789/4796,b'Pfab_2011_Application of the IUCN Red Listing system to setting species targets for conservation planning purposes.pdf',5225.0,82962
Biodiversity and Conservation,b'The conservation imperative and setting plant taxonomic research priorities in South Africa.',123456789/4795,b'Victor_2011_The conservation imperative and setting plant taxonomic research priorities in South Africa.pdf',5227.0,82964
Biodiversity and Conservation,b'Repeat photography confirms alarming decline in South African cycads',123456789/5346,b'Repeat photography confirms alarming decline in South African cycads - 10.1007_s10531-016-1183-x.pdf',5848.0,90663
BioInvasions Record,"b'First record of Opuntia pubescens H.L.Wendland ex Pfeiffer, 1835 naturalised in South Africa'",123456789/5215,b'Cindi & Jaca 2016 BioInvasions Records.pdf',5276.0,84653
BioInvasions Record,"b'The Chilean black urchin, Tetrapygus niger (Molina, 1782) in South Africa: gone but not forgotten'",123456789/5260,b'Mabin et al 2015 BioInvasions Records.pdf',5494.0,86119
BioInvasions Record,"b'Distribution of Iris pseudacorus (Linnaeus, 1753) in South Africa'",123456789/5268,b'Jaca & Mkhize 2015 BioInvasions Records.pdf',5510.0,86327
Biological Conservation,b'Restoration of riparian systems through clearing of invasive plant species improves functional diversity of Odonate assemblages',123456789/5531,b'19_Modiba_et_al_Sept 2017.pdf',9237.0,104552
Biological Conservation,b'Early warning systems for biodiversity in southern Africa \xe2\x80\x93 How much can citizen science mitigate imperfect data?',123456789/5535,b'Early_warning_systems-main.pdf',9250.0,104742
Biological Conservation,b'Conservation status and threats for African reptiles',123456789/5174,b'Tolley et al 2016 Biol Cons.pdf',5317.0,83612
Biological Conservation,b'The effect of infrastructure on the invasion of a generalist predator: Pied crows in southern Africa as a case-study',123456789/5411,b'Joseph et al. Biol Cons Jan 2017.pdf',5963.0,92334
Biological Conservation,"b'A simple, rapid methodology for developing invasive species watch lists'",123456789/5478,b'Faulkner et al 2014 Biological Conservation.pdf',9111.0,103307
Biological Conservation,"b'A simple, rapid methodology for developing invasive species watch lists'",123456789/5478,b'Faulkner et al 2014 Biological Conservation.pdf',9111.0,103307
Biological Conservation,b'A vision for global monitoring of biological invasions',123456789/5512,b'Latombe et al 2017 Biological Conservation.pdf',9205.0,104133
Biological Conservation,b'A vision for global monitoring of biological invasions',123456789/5512,b'Latombe et al 2017 Biological Conservation.pdf',9205.0,104133
Biological Control,b'Density dependence and environmental factors affect population stability of an agricultural pest and its specialist parasitoid',123456789/5412,b'Morgan et al. Biol Control Dec 2016.pdf',5979.0,92359
Biological Invasions,b'First record of Spartina alterniflora in southern Africa indicates adaptive potential of this saline grass',123456789/5511,b'Adams et al 2016 Biological Invasions.pdf',9203.0,104112
Biological Invasions,b'First record of Spartina alterniflora in southern Africa indicates adaptive potential of this saline grass',123456789/5511,b'Adams et al 2016 Biological Invasions.pdf',9203.0,104112
Biological Invasions,"b'Global networks for invasion science: benefits, challenges and guidelines'",123456789/5417,b'Packer et al 2017 Biological Invasions.pdf',5997.0,92614
Biological Invasions,"b'Global networks for invasion science: benefits, challenges and guidelines'",123456789/5417,b'Packer et al 2017 Biological Invasions.pdf',5997.0,92614
Biological Invasions,"b'Global networks for invasion science: benefits, challenges and guidelines'",123456789/5417,b'Packer et al 2017 Biological Invasions.pdf',5997.0,92614
Biological Invasions,b'Methods and approaches for the management of arthropod border incursions',123456789/5528,b'Saccaggi et al 2016 Biological Invasions.pdf',9231.0,104473
Biological Invasions,b'Methods and approaches for the management of arthropod border incursions',123456789/5528,b'Saccaggi et al 2016 Biological Invasions.pdf',9231.0,104473
Biological Invasions,b'Lack of human-assisted dispersal means Pueraria montana var. lobata (kudzu vine) could still be eradicated from South Africa',123456789/5212,b'Geerts et al 2016 Biological Invasions.pdf',5292.0,84614
Biological Invasions,b'Understanding and managing the introduction pathways of alien taxa: South Africa as a case study',123456789/5263,b'Faulkner et al 2016 Biological Invasions.pdf',5500.0,86206
Biological Invasions,b'Hydrocleys nymphoides  (Humb. & Bonpl. ex Willd.) Buchenau: first record of naturalisation in South Africa',123456789/5264,b'Nxumalo et al 2016 BioInvasions Records.pdf',5502.0,86231
Biological Invasions,"b'Intentionally introduced terrestrial invertebrates: patterns, risks, and options for management'",123456789/5332,b'Kumschick_S_2016_Biological_Invasions.pdf',5693.0,90419
Biological Invasions,b'Aliens in the nursery: Assessing the attitudes of nursery managers to invasive species regulations',123456789/5390,b'Cronin et al 2017 Biological Invasions.pdf',5908.0,91843
Biological Invasions,b'Aliens in the nursery: Assessing the attitudes of nursery managers to invasive species regulations',123456789/5390,b'Cronin et al 2017 Biological Invasions.pdf',5908.0,91843
Biological Invasions,b'A standardized set of metrics to assess and monitor tree invasions',123456789/5476,b'Wilson et al 2014 Biological Invasions.pdf',5988.0,103281
Biological Invasions,b'A standardized set of metrics to assess and monitor tree invasions',123456789/5476,b'Wilson et al 2014 Biological Invasions.pdf',5988.0,103281
Biological Invasions,b'Incorporating risk mapping at multiple spatial scales into eradication management plans',123456789/5483,b'Kaplan et al 2014 Biological Invasions.pdf',9118.0,103372
Biological Invasions,b'Incorporating risk mapping at multiple spatial scales into eradication management plans',123456789/5483,b'Kaplan et al 2014 Biological Invasions.pdf',9118.0,103372
Biological Journal of the Linnean Society,"b'Population genetics and conservation of critically small cycad populations\xe2\x80\x94a case study of the Albany Cycad, Encephalartos latifrons.'",123456789/4819,b'Population genetics and conservation of critically small cycad populations.pdf',5200.0,82937
Biological Journal of the Linnean Society,b'Adaptations for nectar-feeding in the mouthparts of long-proboscid flies (Nemestrinidae: Prosoeca).',123456789/4859,b'Adaptations for nectar-feeding in the mouthparts of.pdf',5237.0,82974
Biological Journal of the Linnean Society,b'Diving in head first: trade-offs between phenotypic traits and sand-diving predator escape strategy in Meroles desert lizards',123456789/5211,b'Edwards et al 12856_final version.pdf',5395.0,84601
Biological Journal of the Linnean Society,b'Chemical signalling in lizards: an interspecific comparison of femoral pore numbers in Lacertidae',123456789/5242,b'Baeckens et al_2015.pdf',5455.0,85633
Biological Journal of the Linnean Society,b'Functional divergence between morphs of a dwarf chameleon: Differential locomotor kinematics in relation to habitat structure',123456789/5253,b'Higham_et_al-2015-Biological_Journal_of_the_Linnean_Society.pdf',5480.0,85944
Biological Journal of the Linnean Society,b'The effects of substrate texture on locomotor performance in lacertid lizards',123456789/5254,b'Vanhooydonck et al 2015 Biol J Linn Soc.pdf',5482.0,85969
Biology Letters,b'Eastward from Africa: palaeocurrent-mediated chameleon dispersal to the Seychelles islands.',123456789/4082,b'Townsend_2010_Eastward from Africa palaeocurrent-mediated chameleon dispersal to the Seychelles islands.pdf',5256.0,82993
Bradleya,b'The genus Aloe L. (Asphodelaceae: Alooideae) in Malawi.',123456789/4863,b'The genus Aloe L. (Asphodelaceae Alooideae) in Malawi.pdf',5199.0,82936
Bradleya,b'Occurrence of the little-known Kalanchoe leblanciae Raym.-Hamet (Crassulaceae) confirmed in South Africa',123456789/5161,b'Bradleya 2016_K.leblanciae final.pdf',5294.0,83205
Bradleya,"b'Kalanchoe winteri Gideon F.Sm., N.R.Crouch & Mich.Walters (Crassulaceae), a new species from the Wolkberg Centre of Endemism, South Africa'",123456789/5163,b'Bradleya 2016_K.winteri final.pdf',5298.0,83255
Bradleya,b'The taxonomy and type of Kalanchoe sexangularis N.E.Br. (Crassulaceae)',123456789/5162,b'Bradleya 2016_K.sexangularis final.pdf',5296.0,83230
Bradleya,"b'Winter-flowering maculate aloes from subtropical southeastern Africa: notes on Aloe monteiroae Bak. (Asphodelaceae: Alooideae), the earliest name for Aloe parvibracteata Sch\xc3\xb6nland'",123456789/5298,b'Crouch et al 2015_Bradleya.pdf',5745.0,89337
Bradleya,"b'Reinstatement of Aloe candelabrum A.Berger (Asphodelaceae: Alooideae), a tree-like aloe of KwaZulu-Natal province, South Africa'",123456789/5356,b'Bradleya34_Reinstate Aloe candelabrum_Smith etal_59-69(2016).pdf',5870.0,90951
Bryophyte Diversity and Evolution,b'Centres of moss diversity in southern Africa',123456789/5312,b'Van Rooy & Phephu 2016 Centres of moss diversity in SA. BDE 38(1)_27\xe2\x80\x9339.pdf',5793.0,89965
Climatic Change,b'Increasing impacts of climate change upon ecosystems with increasing global mean temperature rise.',123456789/4093,b'Warren_2010_Increasing impacts of climate change upon ecosystems with increasing global mean temperature rise.pdf',5197.0,82934
Conservation Genetics Resources,"b'Isolation of novel microsatellite loci in dwarf chameleons from Kwazulu-Natal Province, South Africa and their cross-amplification in other Bradypodion species.'",123456789/4830,b'Isolation of novel microsatellite loci in dwarf chameleons.pdf',5255.0,82992
Conservation Genetics,b'Conservation genetics of an endemic and threatened amphibian (Capensibufo rosei): a leap towards establishing a genetic monitoring framework',123456789/5519,b'daSilva&Tolley_2017_ConservGenet_Conservation genetics of an endemic and threatened amphibian.pdf',9213.0,104252
Ecosystem Services,"b'Modelling potential hydrological returns from investing in ecological infrastructure: Case studies from the Baviaanskloof-Tsitsikamma and uMngeni catchments, South Africa'",123456789/5543,b'Mander et al_2017_Modelling potential hydrological returns from investing in ecological infrastructure.pdf',9269.0,105020
Ecosystem Services,b'Ecosystem service importance and use vary with socio-environmental factors: A study from household-surveys in local communities of South Africa.',123456789/5408,b'Mensha et al 2017 Ecosystem Services final.pdf',5970.0,92233
Ecosystems,b'On bird functional diversity: species richness and functional differentiation show contrasting responses to rainfall and vegetation structure in an arid landscape',123456789/5256,b'Seymour et al. Ecosystems 2015.pdf',5486.0,86019
Encephalartos,b'Visiting the equatorial cycads of Uganda: a collaborative and knowledge sharing with Ugandan researchers',123456789/5166,b'CSG Newsletter - Cycads_1_1.pdf',5305.0,83348
Environmental Management,b'Resolving a Prickly Situation: Involving Stakeholders in Invasive Cactus Management in South Africa',123456789/5526,b'Novoa et al 2016 Envrionmental Management.pdf',9227.0,104423
Environmental Management,b'Resolving a Prickly Situation: Involving Stakeholders in Invasive Cactus Management in South Africa',123456789/5526,b'Novoa et al 2016 Envrionmental Management.pdf',9227.0,104423
Environmental Monitoring and Assessment,b'The generic impact scoring system (GISS): a standardized tool to quantify the impacts of alien species',123456789/5525,b'Nentwig et al 2016 Environmental Monitoring and Assessment.pdf',9225.0,104398
Environmental Monitoring and Assessment,b'The generic impact scoring system (GISS): a standardized tool to quantify the impacts of alien species',123456789/5525,b'Nentwig et al 2016 Environmental Monitoring and Assessment.pdf',9225.0,104398
Environmental Monitoring and Assessment,b'The BIOTA Biodiversity Observatories in Africa\xe2\x80\x94a standardized framework for large-scale environmental monitoring.',123456789/4857,b'The BIOTA Biodiversity Observatories.pdf',5234.0,82971
Fisheries Research,b'Stock discrimination of South African sardine (Sardinops sagax) using a digenean parasite biological tag',123456789/5244,b'Weston et al_2015_Fisher.pdf',5462.0,85719
Fisheries,b'Insights from baited video sampling of temperate reef fishes: how biased are angling surveys?',123456789/5273,b'Parker et al 2016a.pdf',5520.0,86456
Flowering Plants of Africa,b'Senna didymobotrya.',123456789/5520,b'Jaca & Condy 2017 Flowering Plants of Africa.pdf',9215.0,104273
Flowering Plants of Africa,b'Senna didymobotrya.',123456789/5520,b'Jaca & Condy 2017 Flowering Plants of Africa.pdf',9215.0,104273
Flowering Plants of Africa,b'Aloe braamvanwykii',123456789/5429,b'FPA 65_2323 Aloe braamvanwykii_14-25(2017).pdf',6028.0,93051
Flowering Plants of Africa,b'Gomphocarpus glaucophyllus',123456789/5433,b'2336 Gomphocarpus glaucophyllus.pdf',6040.0,93197
Flowering Plants of Africa,b'Acanthopsis disperma',123456789/5579,b'Acanthopsis_FPA.pdf',9358.0,106186
Flowering Plants of Africa,b'Codonorhiza azurea',123456789/5438,b'Manning_JC_2017_FPA2321 Codonorhiza azurea.pdf',6050.0,93324
Flowering Plants of Africa,b'Gladiolus crassifolius',123456789/5439,b'Manning_JC_2017_FPA2322 Gladiolus crassifolius.pdf',6052.0,93349
Flowering Plants of Africa,b'Kalanchoe leblanciae. Crassulaceae',123456789/5444,b'2328 Kalanchoe leblanciae.pdf',6066.0,93533
Genome,b'Exposing the illegal trade in cycad species (Cycadophyta: Encephalartos) at two traditional medicine markets in South Africa using DNA barcoding',123456789/5171,b'Cycad DNA barcoding at muthi markets.pdf',5180.0,83541
Haseltonia,"b'Reinstatement of Kalanchoe montana Compton (Crassulaceae), a distinctive species from the Barberton Centre of Endemism, eastern southern Africa'",123456789/5473,"b'Reinstatement of Kalanchoe montana Compton (Crassulaceae), a distinctive species from the Barberton Centre of Endemism, eastern southern Africa.pdf'",6002.0,103214
Haseltonia,"b'Aloe \xc3\x97inopinata Gideon F.Sm., N.R.Crouch & Oosth., (Asphodelaceae) [Aloe arborescens Mill. \xc3\x97 Aloe chortolirioides A.Berger var. chortolirioides]: a nothospecies from the Barberton Centre of endemism, Eastern South Africa'",123456789/5474,b'Smith_Aloe_2016.pdf',6005.0,103227
Herpetological Journal,b'Habitat characteristics influence the breeding of Rose\xe2\x80\x99s dwarf mountain toadlet Capensibufo rosei (Anura: Bufonidae).',123456789/5518,b'Edwards et al 2017 HerpJournal_Capensibufo life history.pdf',9211.0,104227
Herpetological Journal,b'Habitat characteristics influence the breeding of Rose\xe2\x80\x99s dwarf mountain toadlet Capensibufo rosei (Anura: Bufonidae).',123456789/5518,b'Edwards et al 2017 HerpJournal_Capensibufo life history.pdf',9211.0,104227
Herpetological Review,b'Batrachochytrium dendrobatidis Survey of Amphibians in the Northern Mozambique \xe2\x80\x9cSky Islands\xe2\x80\x9d and Low-lying Areas',123456789/5281,b'Conradie et al Mozambique chytrid HR47(1)42-46.pdf',5537.0,86666
Herpetological Review,b'Batrachochytrium dendrobatidis Survey of Amphibians in the Northern Mozambique \xe2\x80\x9cSky Islands\xe2\x80\x9d and Low-lying Areas',123456789/5340,b'Conradie_W_et_al_2016_Herpetological_Review.pdf',5696.0,90573
ICES Journal of Marine Science,b'Reply to Andersen et al. (2016) \xe2\x80\x9cAssumptions behind size-based ecosystem models are realistic',123456789/5271,b'Froese et al. 2016a.pdf',5516.0,86406
ISPRS Journal of Photogrammetry and Remote Sensing,b'Evaluating pixel and object based image classification techniques for mapping plant invasions from UAV derived aerial imagery: Harrisia pomanensis as a case study',123456789/5418,b'Mafanya et al 2017 ISPRS Journal of Photo and RS.pdf',5996.0,92627
ISPRS Journal of Photogrammetry and Remote Sensing,b'Evaluating pixel and object based image classification techniques for mapping plant invasions from UAV derived aerial imagery: Harrisia pomanensis as a case study',123456789/5418,b'Mafanya et al 2017 ISPRS Journal of Photo and RS.pdf',5996.0,92627
ISPRS Journal of Photogrammetry and Remote Sensing,b'Evaluating pixel and object based image classification techniques for mapping plant invasions from UAV derived aerial imagery: Harrisia pomanensis as a case study',123456789/5418,b'Mafanya et al 2017 ISPRS Journal of Photo and RS.pdf',5996.0,92627
Journal of Arid Environments,b'Empty Gonometa postica cocoons function as nest sites and shelters for aboreal ants',123456789/5428,b'Raath et al 2017 JARE.pdf',6026.0,93026
Journal of Arid Environments,"b'Severely degraded rangeland: implications for plant diversity from a case study in Succulent Karoo, South Africa'",123456789/4056,"b'Rutherford_2009_Severely degraded dunes of the southern Kalahari local extinction, persistance and natural re-establishment of plants.pdf'",5253.0,82990
Journal of Environmental Management,b'Integrating diverse scientific and practitioner knowledge in ecological risk analysis: A case study of biodiversity risk assessment in South Africa.',123456789/4820,b'Integrating diverse scientific and practitioner knowledge in ecological risk.pdf',5205.0,82942
Journal of Environmental Management,b'Border control for stowaway alien species should be prioritised based on variations in establishment debt',123456789/5217,b'Faulkner et al 2016 Journal of Environmental Management.pdf.pdf',5190.0,84679
Journal of Environmental Management,b'Border control for stowaway alien species should be prioritised based on variations in establishment debt',123456789/5348,b'Faulkner_KT_et_al_2016_Journal_of_Environmental_Management.pdf.pdf',5854.0,90743
Journal of Environmental Management,b'Potential supply of floral resources to managed honey bees in natural mistbelt forests.',123456789/5409,b'Mensha et al 2017 JEM.pdf',5972.0,92258
Journal of Environmental Science and Development,b'Climate Change Impacts on the Common Swift in South Africa',123456789/5303,b'Guo D et al 2015 Journal of Environmental Science and Development.pdf',5621.0,89442
Journal of Essential Oil Research,"b'Volatile constituents of Notobubon and Nanobubon (Apiaceae, tribe Tordylieae)'",123456789/5353,b'Sobiyi Volatile constituents of Notobubon and Nanobubon.pdf',5864.0,90876
Journal of Essential Oil Research,"b'Volatile constituents of Notobubon and Nanobubon (Apiaceae, tribe Tordylieae)'",123456789/5376,b'49 Sobiyi Volatile constituents of Notobubon and Nanobubon.pdf',5164.0,91459
Journal of Geoscience and Environment Protection,"b'Impact of the Future Changing Climate on the Southern Africa Biomes, and the Importance of Geology'",123456789/5514,b'GEP_2017070613590285.pdf',9198,104159
Journal of Herpetology,"b'A new species of chameleon (Sauria: Chamaeleonidae: Kinyongia) from the northern Albertine Rift, Central Africa.'",123456789/4842,"b'A NEW SPECIES OF CHAMELEON (SAURIA CHAMAELEONIDAE KINYONGIA ) FROM THE NORTHERN ALBERTINE RIFT, CENTRAL AFRICA.pdf'",5221.0,82958
Journal of International Wildlife Law and Policy,b'The legal challenges of transboundary wildlife management at the population level: the case of a trilateral Elephant population in southern Africa',123456789/5167,b'Selier et al 2016. Transboundary population level elephant management JIWLP 2016.pdf',5177.0,83481
Journal of International Wildlife Law and Policy,b'The legal challenges of transboundary wildlife management at the population level: the case of a trilateral elephant population in Southern Africa',123456789/5341,b'Selier_SAJ_et_al_2016_Journal_of_International_Wildlife_Law_&_Policy.pdf',5697.0,90586
Journal of Marine Systems,b'Ecosystem change in the southern Benguela and the underlying processes',123456789/5243,b'Blamey et al 2015 J Mar Sys.pdf',5459.0,85688
Journal of Ornithology,b'Demography and population ecology of the hadeda ibis (Bostrychia hagedash) at its expanding range edge in South Africa.',123456789/4823,b'Demography and population ecology of the Hadeda Ibis.pdf',5210.0,82947
Journal of Ornithology,b'Annual dispersal and survival of a seabird adapted to a stable environment: implications for conservation.',123456789/4808,b'Annual survival and breeding dispersal of a seabird adapted.pdf',5249.0,82986
Journal of South African Botany,b'Population dynamics of the Critically Endangered Euryops virgatus: Highlighting the value of long-term monitoring by citizen scientists',123456789/5427,b'SAAB_abstract.pdf',6024.0,93001
Journal of Water Resource and Hydraulic Engineering,b'Climate Change Impacts on Dwarf Succulents in Namibia as a Result of Changes in Fog and Relative Humidity',123456789/5545,b'JWRHE10197-20170811-095357-2631-46826.pdf',9274.0,105086
Journal of Water Resource and Hydraulic Engineering,"b'Hydrological Niche of Restionaceae Species in Silvermine, South Africa'",123456789/5305,b'Guo D et al 2015 Journal of Water Resource and Hydraulic Engineering.pdf',5758.0,89488
Kew Bulletin,b'A synopsis of Anthoxanthum (Poaceae: Pooideae: Poeae) in southern Africa and description of a new subspecies',123456789/5309,b'Kew Bulletin 71(2) 1-5 (2016).pdf',5787.0,89882
Kew Bulletin,"b'Kericodon (Campanulaceae s.s.), a new monotypic wahlenbergioid genus from South Africa'",123456789/5317,b'Kericodon crispus.pdf',5808.0,90142
Kew Bulletin,"b'Lasiosiphon esterhuyseniae (Thymelaeaceae: Thymelaeoideae), a new species from Northern Cape (South Africa), and the transfer of two additional southern African species to the genus'",123456789/5383,b'51 Magee Manning Lasio esterhuyseniae.pdf',5930.0,91704
Landscape Ecology,b'Response of avain diversity to habitat modification can be predicted from life-history traits and ecological attributes',123456789/5238,b'Ehlers Smith et al. Landscape Ecol 2015.pdf',5446.0,85517
Molecular Phylogenetics and Evolution,b'The potential for predicted climate shifts to impact genetic landscapes of lizards in the South African Cape Floristic Region',123456789/3946,b'Tolleya_2009_The potential for predicted climate shifts to impact genetic landscapes of lizards in the South African Cape Floristic Region.pdf',5254.0,82991
Molecular Phylogenetics and Evolution,b'Phylogeny of Celastraceae subfamily Hippocrateoideae inferred from morphological characters and nuclear and plastid genes.',123456789/4635,b'Phylogeny_of_Celastraceae_subfamily_Hippocrateoide.pdf',5286.0,83145
Molecular Phylogenetics and Evolution,"b'The phylogenetic position and diversity of the enigmatic mongrel frog Nothophryne Poynton, 1963 (Amphibia, Anura)'",123456789/5283,b'Bittencourt-Silva et al._2016_Nothophrynepdf.pdf',5541.0,86716
Molecular Phylogenetics and Evolution,b'Crotalarieae and Genisteae of the South African Great Escarpment are nodulated by novel Bradyrhizobium species with unique and diverse symbiotic loci',123456789/5308,"b'12. Beukes et al., 2015.Crotalarieae and Genisteae of the South African Great Escarpment.pdf'",5779.0,89783
Molecular Phylogenetics and Evolution,b'Integrating phylogeny and ecological niche models to reconstruct the phylogeographical history of the East African reed frog Hyperolius substriatus Ahl 1931',123456789/5442,b'Bittencourt et al 2017.pdf',6061.0,93458
NeoBiota,b'Native range size and growth form in Cactaceae predict invasiveness and impact',123456789/5339,b'Novoa_A_et_al_2016_Neobiota.pdf',5840.0,90560
NeoBiota,b'Quantifying errors and omissions in alien species lists: The introduction status of Melaleuca species in South Africa as a case study',123456789/5388,b'Jacobs et al 2017 Neobiota.pdf',5906.0,91813
NeoBiota,b'Quantifying errors and omissions in alien species lists: The introduction status of Melaleuca species in South Africa as a case study',123456789/5388,b'Jacobs et al 2017 Neobiota.pdf',5906.0,91813
NeoBiota,b'Impact assessment with different scoring tools: How well do alien amphibian assessments match?',123456789/5391,b'Kumschick et al 2017 Neobiota.pdf',5909.0,91856
NeoBiota,b'Impact assessment with different scoring tools: How well do alien amphibian assessments match?',123456789/5391,b'Kumschick et al 2017 Neobiota.pdf',5909.0,91856
NeoBiota,b'Forestry trial data can be used to evaluate climate-based species distribution models in predicting tree invasions',123456789/5475,b'Motloung et al 2014 Neobiota.pdf',5987.0,103264
NeoBiota,b'Forestry trial data can be used to evaluate climate-based species distribution models in predicting tree invasions',123456789/5475,b'Motloung et al 2014 Neobiota.pdf',5987.0,103264
NeoBiota,b'Biological invasions and natural colonisations are different\xe2\x80\x94the need for invasion science',123456789/5583,b'Biological invasions and natural colonisations.pdf',9368.0,106301
Oryx,b'Fading out of view: the enigmatic decline of the endemic Cape Peninsula dwarf toad Capensibufo rosei',123456789/5252,b'Cressey_et_al_2015.pdf',5478.0,85919
Ostrich,"b'How well do bird atlas reporting rates reflect bird densities? Correlates of detection from the Fynbos biome, South Africa, with applications for population estimation'",123456789/5179,b'Lee Barnard bird densities from atlas data2_Ostrich_16Jul16_Accepted_GJonesComments.pdf',5327.0,83737
Ostrich: Journal of African Onithology,"b'Population metrics for fynbos birds, South Africa: densities, detection-and capture rates from Mediterranean type ecosystem'",123456789/5302,b'Lee et al 2015 Ostrich.pdf',5753.0,89429
Pakistan Journal of Botany,b'The phylogenetic significance of fruit structural variation in the tribe Heteromorpheae (Apiaceae)',123456789/5354,b'Liu_M_et_al_2016_Pakistan_Journal_of_Botany.pdf',5866.0,90901
Pedbiologia,b'Soil biota in a megadiverse country: Current knowledge and future research directions in South Africa',123456789/5368,b'Janion-Scheepers et al. 2016 Pedobiologia.pdf',5786.0,91171
Phytochemistry Letters,b'Ent-kauren-19-oic acid derivatives from the stem bark of Croton pseudopulchellus Pax.',123456789/4867,b'Ent-kauren-19-oic acid derivatives from the stem bark of Croton pseudopulchellus.pdf',5244.0,82981
Phytomedicine,"b'Toddaculin, a natural coumarin from Toddalia asiatica, induces differentiation and apoptosis in U-937 leukemic cells.'",123456789/4920,"b'V\xc3\xa1zquez_2012_Toddaculin, a natural coumarin from Toddalia asiatica, induces 1 differentiation and apoptosis in U-937 leukemic cells.pdf'",5230.0,82967
Plant Ecology,b'Can heavy grazing on communal land elevate plant species richness levels in the Grassland Biome of South Africa?',123456789/4754,b'Rutherford_2011_Can heavy grazing on communal land elevate plant species richness levels in the Grassland Biome of South Africa.pdf',5191.0,82928
Plant Systematics and Evolution,b'Taxonomic implications of genome size for all species of the genus  Gasteria Duval (Aloaceae).',123456789/4579,b'Zonneveld_2005_Taxonomic implications of genome size for all species of the genus Gasteria Duval (Aloaceae).pdf',5203.0,82940
Plant Systematics and Evolution,b'Genome sizes of Eucomis L\xe2\x80\x99H\xc3\xa9r. (Hyacinthaceae) and a description of the new species Eucomis grimshawii G.D.Duncan & Zonneveld.',123456789/4101,b'Zonneveld_2010_Genome sizes of Eucomis L\xe2\x80\x99He \xc2\xb4r. (Hyacinthaceae) and a description of the new species Eucomis grimshawii G.D.Duncan & Zonneveld.pdf',5206.0,82943
Plant Systematics and Evolution,"b'Floral functional structure, sexual phases, flower visitors and aspects of breeding system in Roella ciliata (Campanulaceae) in a fragmented habitat.'",123456789/4817,"b'Floral functional structure, sexual phases, flower visitors and aspects of breeding system in Roella ciliata (Campanulaceae) in a fragmented.pdf'",5257.0,82994
Proceedings of Royal Society B,b'Geographical matching of volatile signals and pollinator olfactory responses in a cycad brood-site mutualism',123456789/5258,"b'2015-Suinyuy, Donaldson, Johnson- Geographical matching of olfactory responses.pdf'",5490.0,86069
Proceedings of the Royal Society B,b'Novel methods reveal shifts in migration phenology of barn swallows in South Africa.',123456789/4102,b'Novel methods reveal shifts in migration phenology of barn swallows in South Africa.pdf',5281.0,83140
Proceedings of the Royal Society B,"b'Floral volatiles, pollinator sharing and diversification in the fig-wasp mutualism: insight from Ficus natalensis and its two wasp pollinators (South Africa).'",123456789/4634,"b'Floral volatiles, pollinator sharing and diversification in the fig-wasp mutualism insights from Ficus natalensis , and its two wasp pollinators (South Africa).pdf'",5283.0,83142
Public Library of Science ONE (PLOS ONE),b'Convergent evolution associated with habitat decouples phenotype from phylogeny in a clade of lizards.',123456789/4824,b'Convergent Evolution Associated with Habitat.PDF',5209.0,82946
Public Library of Science ONE (PLOS ONE),"b'Alien phytogeographic regions of southern Africa: numerical classification, possible drivers, and regional threats.'",123456789/4848,b'Alien Phytogeographic Regions of Southern Africa.PDF',5241.0,82978
Royal Society Of Chemistry,b'Novel triterpenoid derivatives from Eucomis bicolor Bak. (Hyacinthaceae: Hyacinthoideae)',123456789/5471,b'Novel triterpenoid derivatives from Eucomis bicolor.pdf',5991,103184
South African Fruit Journal,b'Bees & Pollination: Should growers be worried',123456789/5423,b'Allsopp_M_Masehela_TS_ 2017_SAFJ.pdf',6015.0,92855
South African Journal of Botany,b'Locating sufficient plant distribution data for accurate estimation of geographic range: The relative value of herbaria and other sources',123456789/5470,b'Locating sufficient plant distribution data for.pdf',6009.0,103171
South African Journal of Botany,b'First official record of naturalised populations of Solidago altissima L. var. pluricephala M.C. Johnst. (Asteraceae: Astereae) in Africa',123456789/5522,b'Cheek and Semple 2016 SAJB.pdf',9219.0,104323
South African Journal of Botany,b'First official record of naturalised populations of Solidago altissima L. var. pluricephala M.C. Johnst. (Asteraceae: Astereae) in Africa',123456789/5522,b'Cheek and Semple 2016 SAJB.pdf',9219.0,104323
South African Journal of Botany,b'Seed characteristics in Cactaceae: Useful diagnostic features for screening species for invasiveness?',123456789/5527,b'Novoa et al 2016 South African Journal of Botany.pdf',9229.0,104448
South African Journal of Botany,b'Seed characteristics in Cactaceae: Useful diagnostic features for screening species for invasiveness?',123456789/5527,b'Novoa et al 2016 South African Journal of Botany.pdf',9229.0,104448
South African Journal of Botany,b'South African Journal of Botany',123456789/5156,b'Rutherford_2003_Nama-karoo veld types revisited a numerical analysis of original Acocks\xe2\x80\x99 field data.pdf',5174.0,83013
South African Journal of Botany,b'Transfer of Madagascan species of Gnidia L. to Lasiosiphon Fresen. (Thymelaeaceae: Thymelaeoideae)',123456789/5551,b'56. Boatwright et al Madagascan Gnidia.pdf',9288.0,105284
South African Journal of Botany,b'Early post-fire plant succession in Peninsula Sandstone Fynbos: The first three years after disturbance.',123456789/4755,b'Rutherford_2011_Early post-fire plant succession in Peninsula Sandstone Fynbos The first three years after disturbance.pdf',5192.0,82929
South African Journal of Botany,"b'A taxonomic revision of the Pteronia camphorata group (Astereae, Asteraceae)'",123456789/5552,b'57. Bello et al Pteronia camphorata.pdf',9290.0,105309
South African Journal of Botany,"b'Impacts of invasive alien trees on threatened lowland vegetation types in the Cape Floristic Region, South Africa'",123456789/5184,b'Mostert-aliens-tokai1-s2.0-S025462991630206X-main.pdf',5187.0,83838
South African Journal of Botany,"b'A review of chromosome cytology in Hyacinthaceae subfamilies Urgineoideae and Hyacinthoideae (tribes Hyacintheae, Massonieae, Pseudoprospereae) in sub-Saharan Africa.'",123456789/4839,b'A review of chromosome cytology in Hyacinthaceae subfamilies.pdf',5220.0,82957
South African Journal of Botany,b'Invasion dynamics of Lantana camara L. (sensu lato) in South Africa.',123456789/4919,b'Vardiena_2012_Invasion dynamics of Lantana camara L. (sensu lato) in South Africa.pdf',5231.0,82968
South African Journal of Botany,"b'Inclusion of the Cape genus Anisothrix in the Namibian-centred genus Pentatrichia (Asteraceae, Gnaphalieae) based on a molecular phylogenetic analysis.'",123456789/4861,b'Inclusion of the Cape genus Anisothrix in the Namibian-centred genus.pdf',5236.0,82973
South African Journal of Botany,"b'A taxonomic revision of Pentzia (Asteraceae, Anthemideae) I: the P. incana group in southern Africa, including the description of the new species P. oppositifolia Magee.'",123456789/4873,"b'A taxonomic revision of Pentzia (Asteraceae, Anthemideae) I the P. incana.pdf'",5243.0,82980
South African Journal of Botany,"b'Nanobubon hypogaeum (Apiaceae), a new contractile-rooted species from the Western Cape Province of South Africa.'",123456789/4870,"b'Nanobubon hypogaeum (Apiaceae), a new contractile-rooted species from the.pdf'",5246.0,82983
South African Journal of Botany,"b'Asphodelus fistulosus (Asphodelaceae, Asphodeloideae), a new naturalized alien species from the West Coast of South Africa.'",123456789/4807,"b'Asphodelus fistulosus (Asphodelaceae, Asphodeloideae), a new naturalised.pdf'",5252.0,82989
South African Journal of Botany,b'Experimental evidence for bird pollination and corolla damage by ants in the short-tubed flowers of Erica halicacaba (Ericaceae).',123456789/4915,b'Turner_2012_Experimental evidence for bird pollination and corolla damage by ants in the short-tubed flowers of Erica halicacaba (Ericaceae).pdf',5258.0,82995
South African Journal of Botany,b'Nama-karoo veld types revisited: a numerical analysis of original Acocks\xe2\x80\x99 field data',123456789/5158,b'#Rutherford_2003_Nama-karoo veld types revisited a numerical analysis of original Acocks\xe2\x80\x99 field data.pdf',5271.0,83069
South African Journal of Botany,b'ACKDAT: a digital spatial database of distributions of South African plant species and species assemblages',123456789/5159,b'_Rutherford_2003_ACKDAT a digital spatial database of distributions of South African plant species and species assemblages.pdf',5273.0,83094
South African Journal of Botany,b'A review of Dilatris P.J.Bergius (Haemodoraceae: Haemodoroideae)',123456789/5553,b'SAJB Dilatris 1-s2.0-S0254629917307639-main.pdf',9292.0,105334
South African Journal of Botany,b'The rise and fall of an invasive estuarine grass',123456789/5214,b'Riddin et al 2016 South African Journal of Botany.pdf',5277.0,84640
South African Journal of Botany,b'New records of Ficus (Moraceae) species for Mozambique.',123456789/4209,b'van Noort_2007_New records of Ficus (Moraceae) species emphasize the conservation significance of inselbergs in Mozambique.pdf',5269.0,83045
South African Journal of Botany,"b'The systematic position of Sophora inhambanensis (Sophoreae, Fabaceae).'",123456789/4628,b'The systematic position of Sophora inhambanensis (Fabaceae Sophoreae).pdf',5282.0,83141
South African Journal of Botany,b'Effects of climate change on the future distributions of the top five freshwater invasive plants in South Africa',123456789/5262,b'Hoveka et al 2016 South African Journal of Botany.pdf',5498.0,86181
South African Journal of Botany,"b'Hopliine beetle pollination in annual Wahlenbergia species(Campanulaceae) from western South Africa, and the new species W. melanops'",123456789/5249,b'Manningetal2015.pdf',5472.0,85844
South African Journal of Botany,b'Plant invasions as a biogeographical assay: Vegetation biomes constrain the distribution of invasive alien species assemblages',123456789/5266,b'Rouget et al 2015 South African Journal of Botany.pdf',5506.0,86277
South African Journal of Botany,"b'The noncoding trnH-psbA spacer, as an effective DNA barcode for aquatic freshwater plants, reveals prohibited invasive species in aquarium trade in South Africa'",123456789/5284,b'Hoveka et al 2016b South African Journal of Botany.pdf',5543.0,86741
South African Journal of Botany,b'A taxonomic revision of Inulanthera (Asteraceae: Anthemideae)',123456789/5362,b'Magoswana et al Inulanthera.pdf',5769.0,91081
South African Journal of Botany,b'The genus Hilliardiella (Asteraceae: Vernonieae) in Southern Africa',123456789/5364,b'Manning et al Hilliardiella.pdf',5772.0,91111
South African Journal of Botany,"b'A taxonomic revision of Gymnodiscus (Asteraceae: Senecioneae: Othonninae), a Greater Cape Floristic Region endemic'",123456789/5365,b'Magoswana et al. Gymnodiscus revision.pdf',5773.0,91132
South African Journal of Botany,"b'A taxonomic revision of the genus Mairia (Asteraceae, Astereae) in South Africa'",123456789/5310,b'Mairia revision Herman SAJlBot.pdf',5789.0,89907
South African Journal of Botany,b'Review of species limits in Geissorhiza leipoldtii (Iridaceae: Crocoideae) and G. heterostyla with the recognition of new taxa plus important new records in the genus',123456789/5313,b'SAJB 2016 G leipodtii.pdf',5796.0,89998
South African Journal of Botany,"b'Watsonia palustris (Iridaceae), a new species from KwaZulu-Natal, South Africa and a revised key to allied summer rainfall species'",123456789/5314,b'SAJB 2016 Wats palustris.pdf',5799.0,90031
South African Journal of Botany,"b""Mzansi's mountain hemlocks: The identities of Hilliard and Burtt's Conium species 3 and 4 (Apiaceae) and a revised key for the genus in sub-Saharan Africa""",123456789/5331,b'Magee Conium.pdf',5827.0,90392
South African Journal of Botany,"b'Ixia nutans, a new species of Ixia sect. Morphixia (Iridaceae) from the western Little Karoo,Western Cape, South Africa'",123456789/5347,b'SAJB 2016 Ixia nutans.pdf',5852.0,90722
South African Journal of Botany,"b'Pelargonium conradiae (Geraniaceae), a new species in section Ligularia fromWorcester, Western Cape, South Africa'",123456789/5349,b'SAJB 2016 Pelagonium conradiae.pdf',5856.0,90772
South African Journal of Botany,b'Relationships of the sub-Saharan African genus Zygotritonia Mildbr.(Iridaceae: Crocoideae) inferred from molecular analysis',123456789/5351,b'SAJB 2016 Zygotritonia.pdf',5860.0,90822
South African Journal of Botany,b'Assessing the invasiveness of Berberis aristata and B. julianae (Berberidaceae) in South Africa: Management options and legal recommendations',123456789/5352,b'Keet_JH_et_al_2016_South_African_Journal_of_Botany.pdf',5862.0,90851
South African Journal of Botany,b'Invasive potential and management of Melaleuca hypericifolia (Myrtaceae) in South Africa',123456789/5371,b'Hickley et al 2017 South Africa Journal of Botany.pdf',5892.0,91266
South African Journal of Botany,b'Invasive potential and management of Melaleuca hypericifolia (Myrtaceae) in South Africa',123456789/5371,b'Hickley et al 2017 South Africa Journal of Botany.pdf',5892.0,91266
South African Journal of Botany,b'Assessing and managing the threat posed by Epipremnum aureum in South Africa',123456789/5392,b'Moodley et al 2017 South African Journal of Botany.pdf',5910.0,91869
South African Journal of Botany,b'Assessing and managing the threat posed by Epipremnum aureum in South Africa',123456789/5392,b'Moodley et al 2017 South African Journal of Botany.pdf',5910.0,91869
South African Journal of Botany,b'A revision of Heterolepis Cass. (Asteraceae: Cichorioideae)',123456789/5377,b'Bergh & McKenzie_Heterolepis_SAJB.pdf',5912.0,91480
South African Journal of Botany,"b'A taxonomic revision of the Alepidea setifera group (Apiaceae, Apioideae), the description of a new species, A. inflexa, and the reinstatement of A. jenkinsii'",123456789/5382,b'50 Hutchinson et al Alepidea setifera revision.pdf',5928.0,91679
South African Journal of Botany,b'A review of the history and taxonomy of the enigmatic southern African endemic wild lettuce Lactuca dregeana DC. (Asteraceae: Lactuceae: Lactucinae)',123456789/5384,b'Lactuca dregeana.pdf',5932.0,91729
South African Journal of Botany,"b'A review of the Geissorhiza namaquensis (Iridaceae: Crocoideae) group with the new species G. namaquamontana from Northern Cape, South Africa'",123456789/5385,b'SAJB 2017 Geissorhiza.pdf',5934.0,91754
South African Journal of Botany,"b'Marasmodes (Asteraceae, Anthemideae), the most threatened plant genus of the Cape Floristic Region, South Africa: Conservation and taxonomy.'",123456789/5425,b'Magee_A_ 2017_SAJB_Marasmodes.pdf',6021.0,92963
South African Journal of Botany,"b'An updated plant checklist for Tankwa Karoo National Park, South Africa.'",123456789/5578,b'Steyn_Bester_UpdatedChecklistTKNP_1.pdf',9356.0,106161
South African Journal of Botany,"b'Chlorophytum asperum (Agavaceae), a new species from Northern Cape, South Africa'",123456789/5437,b'Manning_JC_2017_SAJB_Chlorophytum asperum .pdf',6048.0,93299
South African Journal of Botany,b'Melaleuca parvistaminea Byrnes (Myrtaceae) in South Africa: Invasion risk and feasibility of eradication',123456789/5479,b'Jacobs et al 2014 South African Journal of Botany.pdf',9112.0,103320
South African Journal of Botany,b'Melaleuca parvistaminea Byrnes (Myrtaceae) in South Africa: Invasion risk and feasibility of eradication',123456789/5479,b'Jacobs et al 2014 South African Journal of Botany.pdf',9112.0,103320
South African Journal of Botany,b'Montpellier broom (Genista monspessulana) and Spanish broom (Spartium junceum) in South Africa: An assessment of invasiveness and options for management',123456789/5481,b'Geerts et al 2013 South African Journal of Botany.pdf',9114.0,103346
South African Journal of Botany,b'Montpellier broom (Genista monspessulana) and Spanish broom (Spartium junceum) in South Africa: An assessment of invasiveness and options for management',123456789/5481,b'Geerts et al 2013 South African Journal of Botany.pdf',9114.0,103346
South African Journal of Botany,b'Evaluating the invasiveness of Acacia paradoxa in South Africa',123456789/5487,b'Zenni et al 2009 South African Journal of Botany.pdf',9122.0,103424
South African Journal of Botany,b'Evaluating the invasiveness of Acacia paradoxa in South Africa',123456789/5487,b'Zenni et al 2009 South African Journal of Botany.pdf',9122.0,103424
South African Journal of Science,b'The reforestation of Africa?',123456789/4923,b'West_2012_The reforestation of Africa.pdf',5215.0,82952
South African Journal of Science,b'An assessment of zoological research collections in South Africa.',123456789/4844,b'An assessment of zoological research collections in.pdf',5222.0,82959
South African Journal of Science,"b'The South African National Vegetation Database:  History, development, applications,  problems and future'",123456789/5157,"b'Rutherford_2012_The South African National Vegetation Database History, development, applications, problems and future.pdf'",5267.0,83038
South African Journal of Science,b'The Marine Protected Areas debate: Implications for the proposed Phakisa Marine Protected Areas Network',123456789/5177,b'Sink 2016 MPA Debate SAJS-112-9-10 Published.pdf',5323.0,83687
South African Journal of Science,"b'A new national unit for invasive species detection, assessment and eradication planning'",123456789/5477,"b'Wilson, Ivey, Manyama, Nanni 2013 South African Journal of Science.pdf'",5989.0,103294
South African Journal of Science,"b'A new national unit for invasive species detection, assessment and eradication planning'",123456789/5477,"b'Wilson, Ivey, Manyama, Nanni 2013 South African Journal of Science.pdf'",5989.0,103294
South African Journal of Science,b'South Africa \xe2\x80\x93 A global player in the battle against alien plant invasions',123456789/5484,b'Lalla 2014 South African Journal of Science.pdf',9119.0,103385
South African Journal of Science,b'South Africa \xe2\x80\x93 A global player in the battle against alien plant invasions',123456789/5484,b'Lalla 2014 South African Journal of Science.pdf',9119.0,103385
Southern Forests,b'Australian acacias as invasive species: lessons to be learnt from regions with long planting histories',123456789/5237,b'Richardson et al 2015 Southern Forests.pdf',5444.0,85492
Systematic Botany,"b'Phylogeny and reclassification of Anemone (Ranunculaceae), with an emphasis on Austral species.'",123456789/4847,"b'Phylogeny and Reclassification of Anemone (Ranunculaceae), with an.pdf'",5232.0,82969
Systematic Botany,"b'A revision of Sesuvium (Aizoaceae, Sesuvioideae)'",123456789/5295,b'SesuviumRevision2017.pdf',5741.0,89284
Systematic Botany,"b'Taxonomy of the Genus Phymaspermum (Asteraceae, Anthemideae)'",123456789/5307,b'47 Ruiters et al Phymaspermum revision.pdf',5777.0,89758
Taxon,"b'Revised generic delimitations for Oxypolis and Ptilimnium (Apiaceae) based on leaf morphology, comparative fruit anatomy, and phylogenetic analysis of nuclear rDNA ITS and cpDNA trnQ and trnK intergenic spacer sequence data.'",123456789/4829,b'Revised generic delimitations for Oxypolis and Ptilimnium (Apiaceae).pdf',5211.0,82948
Taxon,b'The African Plants Initiative (API) in South Africa.',123456789/4091,b'Walters_2011_The African plants initiative (API) in South Africa.pdf',5223.0,82960
Taxon,"b'Phylogeny of the \xe2\x80\x9cIfloga clade\xe2\x80\x9d (Asteraceae, Gnaphalieae), a lineage occurring disjointly in the Northern and Southern Hemisphere, and inclusion of Trichogyne in synonymy with Ifloga.'",123456789/4105,"b'Phylogeny of the Ifloga clade (Asteraceae, Gnaphalieae), a lineage occurring disjointly in the Northern and Southern Hemisphere, inclusion of Trichogyne in synonymy.pdf'",5278.0,83137
Taxon,b'(2399) Proposal to conserve the name Aloe parvibracteata against A. monteiroae (Asphodelaceae: Alooideae)',123456789/5274,b'1320_1320_Klopper.pdf',5522.0,86481
Taxon,"b'A posy of neglected Tritonia species (Iridaceae) from the erstwhile Garden of Camaldoli (Naples, Italy)'",123456789/5316,b'Guacchio_Manning Tritonia.pdf',5806.0,90113
Taxon,b'A new subfamily classification of the Leguminosae based on a taxonomically comprehensive phylogeny',123456789/5466,b'14. LPWG_2017_Taxon.pdf',6044.0,103115
Taxon,"b'(2469\xe2\x80\x932472) Proposals to reject the names Aloe perfoliata, A. obscura, A. picta, and A. perfoliata var. saponaria (A. saponaria) (Asphodelaceae: Alooideae)'",123456789/5359,b'Taxon65(5)_Proposal to reject Aloe perfoliata_A obscura_A picta_A saponaria)Klopper et al_1173-1175(2016).pdf',5876.0,91030
Taxon,b'A new subfamily classification of the Leguminosae based on a taxonomically comprehensive phylogeny',123456789/5472,b'A new subfamily classification of the Leguminosae based on2017.08.pdf',6006.0,103197
Taxon,b'Producing a plant diversity portal for South Africa',123456789/5422,b'52 Roux et al Taxon eFlora.pdf',6011.0,92793
Taxon,b'Producing a plant diversity portal for South Africa',123456789/5422,b'52. Le Roux et al e-Flora_suppl.pdf',6012.0,92794
Transactions of the Royal Society of South Africa,"b'Ecological research and conservation management in the Cape Floristic Region between 1945 and 2015: History, current understanding and future challenges'",123456789/5213,b'van Wilgen et al 2016 Transactions of the Royal Society of South Africa.pdf',5291.0,84627
Tree Genetics & Genomes,"b'Genetic diversity and structure of the globally invasive tree, Paraserianthes lophantha subspecies lophantha, suggest an introduction history characterised by varying propagule pressure'",123456789/5335,b'Thompson_GD_et_al_2014_Tree_Genetics_&_Genomes.pdf',5694.0,90468
Tree Physiology,b'Growth form and seasonal variation in leaf gas exchange of Colophospermum mopane savanna trees in northwest Botswana.',123456789/4956,b'Veenendaal_2008_Growth form and seasonal variation in leaf gas exchange of Colophospermum mopane savanna trees in northwest Botswana.pdf',5229.0,82966
Water SA,b'The development of a classification system for inland aquatic ecosystems in South Africa',123456789/5285,b'Ollis et al_Water SA.pdf',5545.0,86766
